<?xml version="1.0" encoding="UTF-8"?>
<!DOCTYPE suite SYSTEM "https://testng.org/testng-1.0.dtd">
<suite name="Suite">
  <test thread-count="5" name="Test">
    <classes>
      <class name="StepDefinitions.Scenario8"/>
      <class name="StepDefinitions.Scenario9"/>
      <class name="StepDefinitions.Scenario6"/>
      <class name="StepDefinitions.Scenario7"/>
      <class name="StepDefinitions.Scenario4"/>
      <class name="StepDefinitions.Scenario5"/>
      <class name="StepDefinitions.Scenario2"/>
      <class name="StepDefinitions.Scenario3"/>
      <class name="StepDefinitions.Scenario1"/>
    </classes>
  </test> <!-- Test -->
</suite> <!-- Suite -->
